Kees,5,Potter,kees@potter.nl,keespotter,k33sp0tt3r
Diederik,6,Gommers,diederikgommers@gmail.com,gommersdiederik,diederIK
Koos,7,Papo,koospapo@mail.com,koosjepapoo,k00sss
Emma,8,Goverts,emma@goverts.com,emmagoverts,gooovert
